﻿<?xml version="1.0" encoding="utf-8"?>
<?xml-stylesheet type="text/xsl" href="c:\program files (x86)\microsoft visual studio\2019\enterprise\team tools\static analysis tools\fxcop\Xml\CodeAnalysisReport.xsl"?>
<FxCopReport Version="16.0">
 <Targets>
  <Target Name="H:\Workspace\GitHub\LocationSystem\Tools\bin\AutoCADCommands.dll">
   <Modules>
    <Module Name="autocadcommands.dll">
     <Namespaces>
      <Namespace Name="Dreambuild.AutoCAD">
       <Types>
        <Type Name="Arx" Kind="Class" Accessibility="Public" ExternallyVisible="True">
         <Members>
          <Member Name="#acedCmd(System.IntPtr)" Kind="Method" Static="True" Accessibility="Public" ExternallyVisible="True">
           <Messages>
            <Message TypeName="MovePInvokesToNativeMethodsClass" Category="Microsoft.Design" CheckId="CA1060" Status="Active" Created="2020-04-09 09:27:13Z" FixCategory="Breaking">
             <Issue Certainty="95" Level="CriticalWarning">由于是 P/Invoke 方法，因此，应在名为 NativeMethods、SafeNativeMethods 或 UnsafeNativeMethods 的类中定义 'Arx.acedCmd(IntPtr)'。</Issue>
            </Message>
            <Message TypeName="PInvokesShouldNotBeVisible" Category="Microsoft.Interoperability" CheckId="CA1401" Status="Active" Created="2020-04-09 09:27:13Z" FixCategory="Breaking">
             <Issue Certainty="50" Level="CriticalError">更改 P/Invoke 'Arx.acedCmd(IntPtr)' 的可访问性，使它在自己的程序集外部不再是可见的。</Issue>
            </Message>
           </Messages>
          </Member>
          <Member Name="#acedPostCommand(System.String)" Kind="Method" Static="True" Accessibility="Public" ExternallyVisible="True">
           <Messages>
            <Message TypeName="MovePInvokesToNativeMethodsClass" Category="Microsoft.Design" CheckId="CA1060" Status="Active" Created="2020-04-09 09:27:13Z" FixCategory="Breaking">
             <Issue Certainty="95" Level="CriticalWarning">由于是 P/Invoke 方法，因此，应在名为 NativeMethods、SafeNativeMethods 或 UnsafeNativeMethods 的类中定义 'Arx.acedPostCommand(string)'。</Issue>
            </Message>
            <Message TypeName="PInvokesShouldNotBeVisible" Category="Microsoft.Interoperability" CheckId="CA1401" Status="Active" Created="2020-04-09 09:27:13Z" FixCategory="Breaking">
             <Issue Certainty="50" Level="CriticalError">更改 P/Invoke 'Arx.acedPostCommand(string)' 的可访问性，使它在自己的程序集外部不再是可见的。</Issue>
            </Message>
            <Message Id="0" TypeName="SpecifyMarshalingForPInvokeStringArguments" Category="Microsoft.Globalization" CheckId="CA2101" Status="Active" Created="2020-04-09 09:27:13Z" FixCategory="NonBreaking">
             <Issue Name="Parameter" Certainty="75" Level="Error">为了降低安全风险，请将参数 'strExpr' 封送为 Unicode，方法是将 DllImport.CharSet 设置为 CharSet.Unicode 或者将该参数显式封送为 UnmanagedType.LPWStr。如果您需要将该字符串封送为 ANSI 或与系统相关的编码，请设置 BestFitMapping=false；为了提高安全性，还可以设置 ThrowOnUnmappableChar=true。</Issue>
            </Message>
           </Messages>
          </Member>
          <Member Name="#ads_queueexpr(System.String)" Kind="Method" Static="True" Accessibility="Public" ExternallyVisible="True">
           <Messages>
            <Message TypeName="MovePInvokesToNativeMethodsClass" Category="Microsoft.Design" CheckId="CA1060" Status="Active" Created="2020-04-09 09:27:13Z" FixCategory="Breaking">
             <Issue Certainty="95" Level="CriticalWarning">由于是 P/Invoke 方法，因此，应在名为 NativeMethods、SafeNativeMethods 或 UnsafeNativeMethods 的类中定义 'Arx.ads_queueexpr(string)'。</Issue>
            </Message>
            <Message TypeName="PInvokesShouldNotBeVisible" Category="Microsoft.Interoperability" CheckId="CA1401" Status="Active" Created="2020-04-09 09:27:13Z" FixCategory="Breaking">
             <Issue Certainty="50" Level="CriticalError">更改 P/Invoke 'Arx.ads_queueexpr(string)' 的可访问性，使它在自己的程序集外部不再是可见的。</Issue>
            </Message>
            <Message Id="0" TypeName="SpecifyMarshalingForPInvokeStringArguments" Category="Microsoft.Globalization" CheckId="CA2101" Status="Active" Created="2020-04-09 09:27:13Z" FixCategory="NonBreaking">
             <Issue Name="Parameter" Certainty="75" Level="Error">为了降低安全风险，请将参数 'strExpr' 封送为 Unicode，方法是将 DllImport.CharSet 设置为 CharSet.Unicode 或者将该参数显式封送为 UnmanagedType.LPWStr。如果您需要将该字符串封送为 ANSI 或与系统相关的编码，请设置 BestFitMapping=false；为了提高安全性，还可以设置 ThrowOnUnmappableChar=true。</Issue>
            </Message>
           </Messages>
          </Member>
         </Members>
        </Type>
        <Type Name="Interaction" Kind="Class" Accessibility="Public" ExternallyVisible="True">
         <Members>
          <Member Name="#SetFocus(System.IntPtr)" Kind="Method" Static="True" Accessibility="Private" ExternallyVisible="False">
           <Messages>
            <Message TypeName="MovePInvokesToNativeMethodsClass" Category="Microsoft.Design" CheckId="CA1060" Status="Active" Created="2020-04-09 09:27:13Z" FixCategory="Breaking">
             <Issue Certainty="95" Level="CriticalWarning">由于是 P/Invoke 方法，因此，应在名为 NativeMethods、SafeNativeMethods 或 UnsafeNativeMethods 的类中定义 'Interaction.SetFocus(IntPtr)'。</Issue>
            </Message>
           </Messages>
          </Member>
          <Member Name="#SetParent(System.IntPtr,System.IntPtr)" Kind="Method" Static="True" Accessibility="Private" ExternallyVisible="False">
           <Messages>
            <Message TypeName="MovePInvokesToNativeMethodsClass" Category="Microsoft.Design" CheckId="CA1060" Status="Active" Created="2020-04-09 09:27:13Z" FixCategory="Breaking">
             <Issue Certainty="95" Level="CriticalWarning">由于是 P/Invoke 方法，因此，应在名为 NativeMethods、SafeNativeMethods 或 UnsafeNativeMethods 的类中定义 'Interaction.SetParent(IntPtr, IntPtr)'。</Issue>
            </Message>
           </Messages>
          </Member>
         </Members>
        </Type>
        <Type Name="PolylineNeedsCleanupException" Kind="Class" Accessibility="Public" ExternallyVisible="True">
         <Messages>
          <Message TypeName="MarkISerializableTypesWithSerializable" Category="Microsoft.Usage" CheckId="CA2237" Status="Active" Created="2020-04-09 09:27:13Z" FixCategory="NonBreaking">
           <Issue Certainty="95" Level="Error">将 [Serializable] 添加到 'PolylineNeedsCleanupException'，原因是此类型实现了 ISerializable。</Issue>
          </Message>
         </Messages>
        </Type>
       </Types>
      </Namespace>
     </Namespaces>
    </Module>
   </Modules>
  </Target>
 </Targets>
 <Rules>
  <Rule TypeName="MarkISerializableTypesWithSerializable" Category="Microsoft.Usage" CheckId="CA2237">
   <Name>用 SerializableAttribute 标记 ISerializable 类型</Name>
   <Description>System.Runtime.Serialization.ISerializable 接口允许该类型自定义自身的序列化，而 Serializable 特性使运行时能够将该类型识别为可序列化的类型。</Description>
   <Resolution Name="Default">将 [Serializable] 添加到 {0}，原因是此类型实现了 ISerializable。</Resolution>
   <Owner />
   <Url>http://msdn.microsoft.com/library/ms182350.aspx</Url>
   <Email>[none]</Email>
   <MessageLevel Certainty="75">Warning</MessageLevel>
   <File Name="usagerules.dll" Version="16.0.0.0" />
  </Rule>
  <Rule TypeName="MovePInvokesToNativeMethodsClass" Category="Microsoft.Design" CheckId="CA1060">
   <Name>将 P/Invoke 移动到 NativeMethods 类</Name>
   <Description>此类型包含具有 DllImport 特性的成员。具有 DllImport 特性的成员应包含在名为 NativeMethods、SafeNativeMethods 或 UnsafeNativeMethods 的类中。</Description>
   <Resolution Name="Default">由于是 P/Invoke 方法，因此，应在名为 NativeMethods、SafeNativeMethods 或 UnsafeNativeMethods 的类中定义 {0}。</Resolution>
   <Owner />
   <Url>http://msdn.microsoft.com/library/ms182161.aspx</Url>
   <Email>[none]</Email>
   <MessageLevel Certainty="95">CriticalWarning</MessageLevel>
   <File Name="designrules.dll" Version="16.0.0.0" />
  </Rule>
  <Rule TypeName="PInvokesShouldNotBeVisible" Category="Microsoft.Interoperability" CheckId="CA1401">
   <Name>P/Invokes 应该是不可见的</Name>
   <Description>互操作层不应该是公共的。DllImport 特性不应该应用于可公开访问的成员(公共成员或受保护的成员)。</Description>
   <Resolution Name="Default">更改 P/Invoke {0} 的可访问性，使它在自己的程序集外部不再是可见的。</Resolution>
   <Owner />
   <Url>http://msdn.microsoft.com/library/ms182209.aspx</Url>
   <Email>[none]</Email>
   <MessageLevel Certainty="50">CriticalError</MessageLevel>
   <File Name="interoperabilityrules.dll" Version="16.0.0.0" />
  </Rule>
  <Rule TypeName="SpecifyMarshalingForPInvokeStringArguments" Category="Microsoft.Globalization" CheckId="CA2101">
   <Name>指定对 P/Invoke 字符串参数进行封送处理</Name>
   <Description>在将字符串封送为 ANSI (在 Win9x 上为 Auto)时，某些字符可能会改变。如果启用了最佳匹配映射，则采用 Unicode 编码时显示样式不同的字符串将封送到相同的 ANSI 字符串，这可能会导致错误的安全决策。禁用最佳匹配映射会降低此风险，因为所有没有等效项的字符都将映射到“?”。另外，请注意，CharSet.Ansi 是所有字符串的默认封送设置；Unicode 封送必须显式指定为 DllImport 或 StructLayout 的 CharSet 设置，或者指定为具有 Unicode (或与系统相关的) UnmanagedType 的 MarshalAs 特性。</Description>
   <Resolution Name="Parameter">为了降低安全风险，请将参数 {0} 封送为 Unicode，方法是将 DllImport.CharSet 设置为 CharSet.Unicode 或者将该参数显式封送为 UnmanagedType.LPWStr。如果您需要将该字符串封送为 ANSI 或与系统相关的编码，请设置 BestFitMapping=false；为了提高安全性，还可以设置 ThrowOnUnmappableChar=true。</Resolution>
   <Owner />
   <Url>http://msdn.microsoft.com/library/ms182319.aspx</Url>
   <Email>[none]</Email>
   <MessageLevel Certainty="75">Error</MessageLevel>
   <File Name="globalizationrules.dll" Version="16.0.0.0" />
  </Rule>
 </Rules>
 <Localized>
  <String Key="Category">类别</String>
  <String Key="Certainty">确定性</String>
  <String Key="CollapseAll">全部折叠</String>
  <String Key="CheckId">检查 ID</String>
  <String Key="Error">错误</String>
  <String Key="Errors">错误</String>
  <String Key="ExpandAll">全部展开</String>
  <String Key="Help">帮助</String>
  <String Key="Line">行</String>
  <String Key="Messages">消息</String>
  <String Key="LocationNotStoredInPdb">[位置未存储在 Pdb 中]</String>
  <String Key="Project">项目</String>
  <String Key="Resolution">解析</String>
  <String Key="Rule">规则</String>
  <String Key="RuleFile">规则文件</String>
  <String Key="RuleDescription">规则说明</String>
  <String Key="Source">源</String>
  <String Key="Status">状态</String>
  <String Key="Target">目标</String>
  <String Key="Warning">警告</String>
  <String Key="Warnings">警告</String>
  <String Key="ReportTitle">代码分析报告</String>
 </Localized>
</FxCopReport>
